path_name,size
/ads.txt,
/assets/Area-DNH1ylmC.js,13823
/assets/AreaChart-BNRznPtj.js,327
/assets/Bar-DfKURnZn.js,20144
/assets/CalcCagr-CST-9FIe.js,19543
/assets/CalcCartera-CDZk_0GV.js,18231
/assets/CalcDividendos-BpWHCE4A.js,7527
/assets/CalcInflacion-CenC24nt.js,7961
/assets/CalcInteres-NIGe6XJg.js,9509
/assets/CalcPrestamos-C8qXwyp2.js,6676
/assets/CartesianChart-D0f8_OXX.js,351348
/assets/ErrorBarContext-CywWJWNE.js,681
/assets/format-CoFXgcxg.js,583
/assets/getRadiusAndStrokeWidthFromDot-DLU_7jw4.js,5141
/assets/graphicalItemSelectors-Ce9bKyPK.js,192
/assets/index-DPx1l5GP.css,38131
/assets/index-Dskxng3O.js,218869
/assets/shared-DUZ1sQG0.js,20554
/index.html,1308
/og-image.svg,985
/plantilla-planificacion-financiera.csv,155
/robots.txt,137
/sitemap.xml,2555